XP Harvest (Easy)|		//1ステージ名
XP Harvest (Normal)|		//2ステージ名
XP Harvest (Hard)|		//3ステージ名
Cats Eye Cave|		//4ステージ名
Shoumetsu Toshi|			//5ステージ名
NERV HQ|		//6ステージ名
Near Third Impact|			//7ステージ名
Mystery Spring|//8ステージ名
Grand XP Harvest (Easy)|			//9ステージ名
Grand XP Harvest (Normal)|			//10ステージ名
Grand XP Harvest (Hard)|			//11ステージ名
Cats Eye Caverns|			//12ステージ名
XP Harvest (Vet.)|//ステージ13