Red Alert 1|Red Alert 2|Red Alert 3|Red Alert 4|Red Alert 5|Red Alert 6|Red Alert 7|Red Alert 8|Red Alert 9|Red Alert 10|Red Alert 11|Red Alert 12|Red Alert 13|Red Alert 14|Red Alert 15|Red Alert 16|Red Alert 17|Red Alert 18|Red Alert 19|Red Alert 20|＠
Red Alert 21|Red Alert 22|Red Alert 23|Red Alert 24|Red Alert 25|Red Alert 26|Red Alert 27|Red Alert 28|Red Alert 29|Red Alert 30|Red Alert 31|Red Alert 32|Red Alert 33|Red Alert 34|Red Alert 35|Red Alert 36|Red Alert 37|Red Alert 38|Red Alert 39|Red Alert 40|＠
Red Alert 41|Red Alert 42|Red Alert 43|Red Alert 44|Red Alert 45|Red Alert 46|Red Alert 47|Red Alert 48|Red Alert 49|Red Alert 50|Red Alert 51|Red Alert 52|Red Alert 53|Red Alert 54|Red Alert 55|Red Alert 56|Red Alert 57|Red Alert 58|Red Alert 59|Red Alert 60|＠
Rampage Lv1|Rampage Lv2|Rampage Lv3|Rampage Lv4|Rampage Lv5|Rampage Lv6|Rampage Lv7|Rampage Lv8|Rampage Lv9|Rampage Lv10|Rampage Lv11|Rampage Lv12|Rampage Lv13|Rampage Lv14|Rampage Lv15|Rampage Lv16|Rampage Lv17|Rampage Lv18|Rampage Lv19|Rampage Lv20|＠
Rampage Lv21|Rampage Lv22|Rampage Lv23|Rampage Lv24|Rampage Lv25|Rampage Lv26|Rampage Lv27|Rampage Lv28|Rampage Lv29|Rampage Lv30|Rampage Lv31|Rampage Lv32|Rampage Lv33|Rampage Lv34|Rampage Lv35|Rampage Lv36|Rampage Lv37|Rampage Lv38|Rampage Lv39|Rampage Lv40|＠
Rampage Lv41|Rampage Lv42|Rampage Lv43|Rampage Lv44|Rampage Lv45|Rampage Lv46|Rampage Lv47|Rampage Lv48|Rampage Lv49|Rampage Lv50|Rampage Lv51|Rampage Lv52|Rampage Lv53|Rampage Lv54|Rampage Lv55|Rampage Lv56|Rampage Lv57|Rampage Lv58|Rampage Lv59|Rampage Lv60|＠
On Mighty Wings Lv1|On Mighty Wings Lv2|On Mighty Wings Lv3|On Mighty Wings Lv4|On Mighty Wings Lv5|On Mighty Wings Lv6|On Mighty Wings Lv7|On Mighty Wings Lv8|On Mighty Wings Lv9|On Mighty Wings Lv10|On Mighty Wings Lv11|On Mighty Wings Lv12|On Mighty Wings Lv13|On Mighty Wings Lv14|On Mighty Wings Lv15|On Mighty Wings Lv16|On Mighty Wings Lv17|On Mighty Wings Lv18|On Mighty Wings Lv19|On Mighty Wings Lv20|＠
On Mighty Wings Lv21|On Mighty Wings Lv22|On Mighty Wings Lv23|On Mighty Wings Lv24|On Mighty Wings Lv25|On Mighty Wings Lv26|On Mighty Wings Lv27|On Mighty Wings Lv28|On Mighty Wings Lv29|On Mighty Wings Lv30|On Mighty Wings Lv31|On Mighty Wings Lv32|On Mighty Wings Lv33|On Mighty Wings Lv34|On Mighty Wings Lv35|On Mighty Wings Lv36|On Mighty Wings Lv37|On Mighty Wings Lv38|On Mighty Wings Lv39|On Mighty Wings Lv40|＠
On Mighty Wings Lv41|On Mighty Wings Lv42|On Mighty Wings Lv43|On Mighty Wings Lv44|On Mighty Wings Lv45|On Mighty Wings Lv46|On Mighty Wings Lv47|On Mighty Wings Lv48|On Mighty Wings Lv49|On Mighty Wings Lv50|On Mighty Wings Lv51|On Mighty Wings Lv52|On Mighty Wings Lv53|On Mighty Wings Lv54|On Mighty Wings Lv55|On Mighty Wings Lv56|On Mighty Wings Lv57|On Mighty Wings Lv58|On Mighty Wings Lv59|On Mighty Wings Lv60|＠
Cosmic Juggernaut Lv.1|Cosmic Juggernaut Lv.2|Cosmic Juggernaut Lv.3|Cosmic Juggernaut Lv.4|Cosmic Juggernaut Lv.5|Cosmic Juggernaut Lv.6|Cosmic Juggernaut Lv.7|Cosmic Juggernaut Lv.8|Cosmic Juggernaut Lv.9|Cosmic Juggernaut Lv.10|Cosmic Juggernaut Lv.11|Cosmic Juggernaut Lv.12|Cosmic Juggernaut Lv.13|Cosmic Juggernaut Lv.14|Cosmic Juggernaut Lv.15|Cosmic Juggernaut Lv.16|Cosmic Juggernaut Lv.17|Cosmic Juggernaut Lv.18|Cosmic Juggernaut Lv.19|Cosmic Juggernaut Lv.20|＠
Cosmic Juggernaut Lv.21|Cosmic Juggernaut Lv.22|Cosmic Juggernaut Lv.23|Cosmic Juggernaut Lv.24|Cosmic Juggernaut Lv.25|Cosmic Juggernaut Lv.26|Cosmic Juggernaut Lv.27|Cosmic Juggernaut Lv.28|Cosmic Juggernaut Lv.29|Cosmic Juggernaut Lv.30|Cosmic Juggernaut Lv.31|Cosmic Juggernaut Lv.32|Cosmic Juggernaut Lv.33|Cosmic Juggernaut Lv.34|Cosmic Juggernaut Lv.35|Cosmic Juggernaut Lv.36|Cosmic Juggernaut Lv.37|Cosmic Juggernaut Lv.38|Cosmic Juggernaut Lv.39|Cosmic Juggernaut Lv.40|＠
Cosmic Juggernaut Lv.41|Cosmic Juggernaut Lv.42|Cosmic Juggernaut Lv.43|Cosmic Juggernaut Lv.44|Cosmic Juggernaut Lv.45|Cosmic Juggernaut Lv.46|Cosmic Juggernaut Lv.47|Cosmic Juggernaut Lv.48|Cosmic Juggernaut Lv.49|Cosmic Juggernaut Lv.50|Cosmic Juggernaut Lv.51|Cosmic Juggernaut Lv.52|Cosmic Juggernaut Lv.53|Cosmic Juggernaut Lv.54|Cosmic Juggernaut Lv.55|Cosmic Juggernaut Lv.56|Cosmic Juggernaut Lv.57|Cosmic Juggernaut Lv.58|Cosmic Juggernaut Lv.59|Cosmic Juggernaut Lv.60|＠
Year of the Ox  Lv.1|Year of the Ox Lv.2|Year of the Ox Lv.3|Year of the Ox Lv.4|Year of the Ox Lv.5|Year of the Ox Lv.6|Year of the Ox Lv.7|Year of the Ox Lv.8|Year of the Ox Lv.9|Year of the Ox Lv.10|＠
Choco Chaos Lv.1|Choco Chaos Lv.2|Choco Chaos Lv.3|Choco Chaos Lv.4|Choco Chaos Lv.5|Choco Chaos Lv.6|Choco Chaos Lv.7|Choco Chaos Lv.8|Choco Chaos Lv.9|Choco Chaos Lv.10|Choco Chaos Lv.11|Choco Chaos Lv.12|Choco Chaos Lv.13|Choco Chaos Lv.14|Choco Chaos Lv.15|Choco Chaos Lv.16|Choco Chaos Lv.17|Choco Chaos Lv.18|Choco Chaos Lv.19|Choco Chaos Lv.20|＠
Eggs of Chaos Lv. 1|Eggs of Chaos Lv. 2|Eggs of Chaos Lv. 3|Eggs of Chaos Lv. 4|Eggs of Chaos Lv. 5|Eggs of Chaos Lv. 6|Eggs of Chaos Lv. 7|Eggs of Chaos Lv. 8|Eggs of Chaos Lv. 9|Eggs of Chaos Lv. 10|Eggs of Chaos Lv. 11|Eggs of Chaos Lv. 12|Eggs of Chaos Lv. 13|Eggs of Chaos Lv. 14|Eggs of Chaos Lv. 15|Eggs of Chaos Lv. 16|Eggs of Chaos Lv. 17|Eggs of Chaos Lv. 18|Eggs of Chaos Lv. 19|Eggs of Chaos Lv. 20|＠
Forbidden Lv.1|Forbidden Lv.2|Forbidden Lv.3|Forbidden Lv.4|Forbidden Lv.5|Forbidden Lv.6|Forbidden Lv.7|Forbidden Lv.8|Forbidden Lv.9|Forbidden Lv.10|＠
Forbidden II Lv.11|Forbidden II Lv.12|Forbidden II Lv.13|Forbidden II Lv.14|Forbidden II Lv.15|Forbidden II Lv.16|Forbidden II Lv.17|Forbidden II Lv.18|Forbidden II Lv.19|Forbidden II Lv.MAX|＠
Summer Lv.1|Summer Lv.2|Summer Lv.3|Summer Lv.4|Summer Lv.5|Summer Lv.6|Summer Lv.7|Summer Lv.8|Summer Lv.9|Summer Lv.10|＠
Not Summer Lv.11|Not Summer Lv.12|Not Summer Lv.13|Not Summer Lv.14|Not Summer Lv.15|Not Summer Lv.16|Not Summer Lv.17|Not Summer Lv.18|Not Summer Lv.19|Not Summer Lv.MAX|＠
Start of Summer|Sundown Chorus|Light Overflowing|Hidden Treehouse|Call to Dinner|Citronella Scent|Late Nite Special|Grip Your Net|Sea Floor Treasure|Bug Spray Mist|Schoolyard Dance|An Alluring Lady|Suntanned Boy|Music in the Distance|A Lost Friend|Waking at Noon|A Secret Cove|Hints of Autumn|Final Fireworks|Last-Minute Homework|＠
Red Alert 1|Red Alert 2|Red Alert 3|Red Alert 4|Red Alert 5|Red Alert 6|Red Alert 7|Red Alert 8|Red Alert 9|Red Alert 10|Red Alert 11|Red Alert 12|Red Alert 13|Red Alert 14|Red Alert 15|Red Alert 16|Red Alert 17|Red Alert 18|Red Alert 19|Red Alert MAX|＠
Houseguests Lv.1|Houseguests Lv.2|Houseguests Lv.3|Houseguests Lv.4|Houseguests Lv.5|Houseguests Lv.6|Houseguests Lv.7|Houseguests Lv.8|Houseguests Lv.9|Houseguests Lv.10|＠
Strangers Lv.11|Strangers Lv.12|Strangers Lv.13|Strangers Lv.14|Strangers Lv.15|Strangers Lv.16|Strangers Lv.17|Strangers Lv.18|Strangers Lv.19|Strangers Lv.MAX|＠
About Town Lv.1|About Town Lv.2|About Town Lv.3|About Town Lv.4|About Town Lv.5|About Town Lv.6|About Town Lv.7|About Town Lv.8|About Town Lv.9|About Town Lv.10|＠
In the City Lv.11|In the City Lv.12|In the City Lv.13|In the City Lv.14|In the City Lv.15|In the City Lv.16|In the City Lv.17|In the City Lv.18|In the City Lv.19|In the City Lv.MAX|＠
Sports Day Lv.1|Sports Day Lv.2|Sports Day Lv.3|Sports Day Lv.4|Sports Day Lv.5|Sports Day Lv.6|Sports Day Lv.7|Sports Day Lv.8|Sports Day Lv.9|Sports Day Lv.10|＠
Sports Night Lv.11|Sports Night Lv.12|Sports Night Lv.13|Sports Night Lv.14|Sports Night Lv.15|Sports Night Lv.16|Sports Night Lv.17|Sports Night Lv.18|Sports Night Lv.19|Sports Night Lv.MAX|＠
Rampage Lv1|Rampage Lv2|Rampage Lv3|Rampage Lv4|Rampage Lv5|Rampage Lv6|Rampage Lv7|Rampage Lv8|Rampage Lv9|Rampage Lv10|Rampage Lv11|Rampage Lv12|Rampage Lv13|Rampage Lv14|Rampage Lv15|Rampage Lv16|Rampage Lv17|Rampage Lv18|Rampage Lv19|Rampage Lv.MAX|＠
Labour Lv.1|Labour Lv.2|Labour Lv.3|Labour Lv.4|Labour Lv.5|Labour Lv.6|Labour Lv.7|Labour Lv.8|Labour Lv.9|Labour Lv.10|＠
Revolution Lv.11|Revolution Lv.12|Revolution Lv.13|Revolution Lv.14|Revolution Lv.15|Revolution Lv.16|Revolution Lv.17|Revolution Lv.18|Revolution Lv.19|Revolution Lv.MAX|＠
Jingle Cat Lv.1|Jingle Cat Lv.2|Jingle Cat Lv.3|Jingle Cat Lv.4|Jingle Cat Lv.5|Jingle Cat Lv.6|Jingle Cat Lv.7|Jingle Cat Lv.8|Jingle Cat Lv.9|Jingle Cat Lv.10|＠
In Space Lv.11|In Space Lv.12|In Space Lv.13|In Space Lv.14|In Space Lv.15|In Space Lv.16|In Space Lv.17|In Space Lv.18|In Space Lv.19|In Space Lv.MAX|＠
New Year? Lv.1|New Year? Lv.2|New Year? Lv.3|New Year? Lv.4|New Year? Lv.5|New Year? Lv.6|New Year? Lv.7|New Year? Lv.8|New Year? Lv.9|New Year? Lv.10|＠
Another Year Lv.11|Another Year Lv.12|Another Year Lv.13|Another Year Lv.14|Another Year Lv.15|Another Year Lv.16|Another Year Lv.17|Another Year Lv.18|Another Year Lv.19|Another Year Lv.MAX|＠
On Mighty Wings Lv1|On Mighty Wings Lv2|On Mighty Wings Lv3|On Mighty Wings Lv4|On Mighty Wings Lv5|On Mighty Wings Lv6|On Mighty Wings Lv7|On Mighty Wings Lv8|On Mighty Wings Lv9|On Mighty Wings Lv10|On Mighty Wings Lv11|On Mighty Wings Lv12|On Mighty Wings Lv13|On Mighty Wings Lv14|On Mighty Wings Lv15|On Mighty Wings Lv16|On Mighty Wings Lv17|On Mighty Wings Lv18|On Mighty Wings Lv19|On Mighty Wings Lv.MAX|＠
Cosmic Juggernaut Lv.1|Cosmic Juggernaut Lv.2|Cosmic Juggernaut Lv.3|Cosmic Juggernaut Lv.4|Cosmic Juggernaut Lv.5|Cosmic Juggernaut Lv.6|Cosmic Juggernaut Lv.7|Cosmic Juggernaut Lv.8|Cosmic Juggernaut Lv.9|Cosmic Juggernaut Lv.10|Cosmic Juggernaut Lv.11|Cosmic Juggernaut Lv.12|Cosmic Juggernaut Lv.13|Cosmic Juggernaut Lv.14|Cosmic Juggernaut Lv.15|Cosmic Juggernaut Lv.16|Cosmic Juggernaut Lv.17|Cosmic Juggernaut Lv.18|Cosmic Juggernaut Lv.19|Cosmic Juggernaut Lv.MAX|＠
Year of the Tiger Lv.1|Year of the Tiger Lv.2|Year of the Tiger Lv.3|Year of the Tiger Lv.4|Year of the Tiger Lv.5|Year of the Tiger Lv.6|Year of the Tiger Lv.7|Year of the Tiger Lv.8|Year of the Tiger Lv.9|Year of the Tiger Lv.10|＠
Blessing Lv.1|Blessing Lv.2|Blessing Lv.3|Blessing Lv.4|Blessing Lv.5|Blessing Lv.6|Blessing Lv.7|Blessing Lv.8|Blessing Lv.9|Blessing Lv.10|Blessing Lv.11|Blessing Lv.12|Blessing Lv.13|Blessing Lv.14|Blessing Lv.15|Blessing Lv.16|Blessing Lv.17|Blessing Lv.18|Blessing Lv.19|Blessing Lv.MAX|＠
Wandering Lv.1|Wandering Lv.2|Wandering Lv.3|Wandering Lv.4|Wandering Lv.5|Wandering Lv.6|Wandering Lv.7|Wandering Lv.8|Wandering Lv.9|Wandering Lv.10|Wandering Lv.11|Wandering Lv.12|Wandering Lv.13|Wandering Lv.14|Wandering Lv.15|Wandering Lv.16|Wandering Lv.17|Wandering Lv.18|Wandering Lv.19|Wandering Lv.MAX|＠
Happiness Lv.1|Happiness Lv.2|Happiness Lv.3|Happiness Lv.4|Happiness Lv.5|Happiness Lv.6|Happiness Lv.7|Happiness Lv.8|Happiness Lv.9|Happiness Lv.10|＠
Confusion Lv.1|Confusion Lv.2|Confusion Lv.3|Confusion Lv.4|Confusion Lv.5|Confusion Lv.6|Confusion Lv.7|Confusion Lv.8|Confusion Lv.9|Confusion Lv.MAX|＠
||||||||||＠
Bloodthirsty Lv.1|Bloodthirsty Lv.2|Bloodthirsty Lv.3|Bloodthirsty Lv.4|Bloodthirsty Lv.5|Bloodthirsty Lv.6|Bloodthirsty Lv.7|Bloodthirsty Lv.8|Bloodthirsty Lv.9|Bloodthirsty Lv.MAX|＠
Be Bare Lv.1|Be Bare Lv.2|Be Bare Lv.3|Be Bare Lv.4|Be Bare Lv.5|Be Bare Lv.6|Be Bare Lv.7|Be Bare Lv.8|Be Bare Lv.9|Be Bare Lv.10|＠
Be Back Lv.11|Be Back Lv.12|Be Back Lv.13|Be Back Lv.14|Be Back Lv.15|Be Back Lv.16|Be Back Lv.17|Be Back Lv.18|Be Back Lv.19|Be Back Lv.MAX|＠
Pity Gift Lv.1|Pity Gift Lv.2|Pity Gift Lv.3|Pity Gift Lv.4|Pity Gift Lv.5|Pity Gift Lv.6|Pity Gift Lv.7|Pity Gift Lv.8|Pity Gift Lv.9|Pity Gift Lv.10|Pity Gift Lv.11|Pity Gift Lv.12|Pity Gift Lv.13|Pity Gift Lv.14|Pity Gift Lv.15|Pity Gift Lv.16|Pity Gift Lv.17|Pity Gift Lv.18|Pity Gift Lv.19|Pity Gift Lv.MAX|＠